Q16,Q18,fair1,Q41_First Click,Q41_Last Click,Q41_Page Submit,Q41_Click Count,comments,FL_491_DO_FL_493,FL_491_DO_FL_497,PROLIFIC_PID,STUDY_ID,SESSION_ID,Segment,target,TWIN_ID
"Above is a list of numbers. Only one of these numbers is an even number. Please spell that number out in ALL-CAPS below. For example, if the even number were ""8"" you would write EIGHT

Note that failure to answer this question correctly will result in disqualification. Do not use lower-case letters, and do not add any extra spaces.","Welcome to our Survey!

DESCRIPTION: We are a team at Columbia University. In today's study, you will fill out a survey. Nothing is designed to be experienced as unpleasant or “weird” in any way. In fact, no parts of this survey involves sensitive or invasive information, tasks, or questions. The study will take around 1 minute.

COMPENSATION: You will be paid $0.30 for your participation today.

PLEASE NOTE: This study contains a number of checks to make sure that participants are finishing the tasks honestly and completely. .

SUBJECT’S RIGHTS: Your participation is voluntary. You may stop participating at any time by closing the browser window or the program to withdraw from the study. Partial data will not be analyzed.

For additional questions, you may contact: Elizabeth Friedman (e.friedman@columbia.edu).

Please indicate, in the box below, that you are at least 18 years old, have read and understood this consent form, and agree to participate in this survey. If you choose not to participate, please exit the screen now.",How fair is this advertising plan?,Timing,Timing,Timing,Timing,Please feel free to write any comments you may have about the survey or scenarios.,FL_491_DO_FL_493,FL_491_DO_FL_497,PROLIFIC_PID,STUDY_ID,SESSION_ID,Segment,target,TWIN_ID
"{""ImportId"": ""QID1337_TEXT""}","{""ImportId"": ""QID1367""}","{""ImportId"": ""QID1396""}","{""ImportId"": ""QID1453_FIRST_CLICK""}","{""ImportId"": ""QID1453_LAST_CLICK""}","{""ImportId"": ""QID1453_PAGE_SUBMIT""}","{""ImportId"": ""QID1453_CLICK_COUNT""}","{""ImportId"": ""QID1451_TEXT""}","{""ImportId"": ""FL_491_DO"", ""choiceId"": ""FL_493""}","{""ImportId"": ""FL_491_DO"", ""choiceId"": ""FL_497""}","{""ImportId"": ""PROLIFIC_PID""}","{""ImportId"": ""STUDY_ID""}","{""ImportId"": ""SESSION_ID""}","{""ImportId"": ""Segment""}","{""ImportId"": ""target""}","{""ImportId"":""TWIN_ID""}"
THIRTY,1,3,,,,,No comments.,,1,sim-0,sim-0,sim-0,1,female,2
THIRTY,1,4,,,,,No comments.,1,,sim-1,sim-1,sim-1,2,broad,4
THIRTY,1,3,,,,,No comments.,,1,sim-2,sim-2,sim-2,1,female,6
THIRTY,1,4,,,,,No comments.,1,,sim-3,sim-3,sim-3,2,broad,9
THIRTY,1,7,,,,,No comments.,,1,sim-4,sim-4,sim-4,1,female,11
THIRTY,1,5,,,,,No comments.,1,,sim-5,sim-5,sim-5,2,broad,12
THIRTY,1,7,,,,,No comments.,1,,sim-6,sim-6,sim-6,2,broad,14
THIRTY,1,5,,,,,No comments.,,1,sim-7,sim-7,sim-7,1,female,23
THIRTY,1,5,,,,,No comments.,,1,sim-8,sim-8,sim-8,1,female,24
THIRTY,1,3,,,,,No comments.,1,,sim-9,sim-9,sim-9,2,broad,29
THIRTY,1,7,,,,,No comments.,,1,sim-10,sim-10,sim-10,1,female,39
THIRTY,1,6,,,,,No comments.,1,,sim-11,sim-11,sim-11,2,broad,45
THIRTY,1,4,,,,,No comments.,,1,sim-12,sim-12,sim-12,1,female,46
THIRTY,1,6,,,,,No comments.,1,,sim-13,sim-13,sim-13,2,broad,53
THIRTY,1,7,,,,,No comments.,1,,sim-14,sim-14,sim-14,2,broad,54
THIRTY,1,6,,,,,No comments.,,1,sim-15,sim-15,sim-15,1,female,55
THIRTY,1,6,,,,,No comments.,,1,sim-16,sim-16,sim-16,1,female,56
THIRTY,1,5,,,,,No comments.,1,,sim-17,sim-17,sim-17,2,broad,64
THIRTY,1,6,,,,,No comments.,,1,sim-18,sim-18,sim-18,1,female,65
THIRTY,1,4,,,,,No comments.,1,,sim-19,sim-19,sim-19,2,broad,74
THIRTY,1,3,,,,,No comments.,1,,sim-20,sim-20,sim-20,2,broad,76
THIRTY,1,3,,,,,No comments.,,1,sim-21,sim-21,sim-21,1,female,83
THIRTY,1,5,,,,,No comments.,1,,sim-22,sim-22,sim-22,2,broad,84
THIRTY,1,6,,,,,No comments.,,1,sim-23,sim-23,sim-23,1,female,90
THIRTY,1,4,,,,,No comments.,1,,sim-24,sim-24,sim-24,2,broad,93
THIRTY,1,7,,,,,No comments.,,1,sim-25,sim-25,sim-25,1,female,101
THIRTY,1,4,,,,,No comments.,,1,sim-26,sim-26,sim-26,1,female,104
THIRTY,1,5,,,,,No comments.,1,,sim-27,sim-27,sim-27,2,broad,105
THIRTY,1,4,,,,,No comments.,1,,sim-28,sim-28,sim-28,2,broad,106
THIRTY,1,6,,,,,No comments.,,1,sim-29,sim-29,sim-29,1,female,109
THIRTY,1,5,,,,,No comments.,,1,sim-30,sim-30,sim-30,1,female,115
THIRTY,1,5,,,,,No comments.,1,,sim-31,sim-31,sim-31,2,broad,117
THIRTY,1,4,,,,,No comments.,1,,sim-32,sim-32,sim-32,2,broad,118
THIRTY,1,7,,,,,No comments.,,1,sim-33,sim-33,sim-33,1,female,120
THIRTY,1,4,,,,,No comments.,,1,sim-34,sim-34,sim-34,1,female,121
THIRTY,1,7,,,,,No comments.,1,,sim-35,sim-35,sim-35,2,broad,122
THIRTY,1,7,,,,,No comments.,,1,sim-36,sim-36,sim-36,1,female,128
THIRTY,1,7,,,,,No comments.,1,,sim-37,sim-37,sim-37,2,broad,129
THIRTY,1,7,,,,,No comments.,1,,sim-38,sim-38,sim-38,2,broad,133
THIRTY,1,3,,,,,No comments.,,1,sim-39,sim-39,sim-39,1,female,138
THIRTY,1,6,,,,,No comments.,1,,sim-40,sim-40,sim-40,2,broad,142
THIRTY,1,6,,,,,No comments.,,1,sim-41,sim-41,sim-41,1,female,147
THIRTY,1,3,,,,,No comments.,,1,sim-42,sim-42,sim-42,1,female,148
THIRTY,1,6,,,,,No comments.,1,,sim-43,sim-43,sim-43,2,broad,149
THIRTY,1,4,,,,,No comments.,1,,sim-44,sim-44,sim-44,2,broad,150
THIRTY,1,7,,,,,No comments.,,1,sim-45,sim-45,sim-45,1,female,151
THIRTY,1,4,,,,,No comments.,1,,sim-46,sim-46,sim-46,2,broad,152
THIRTY,1,4,,,,,No comments.,,1,sim-47,sim-47,sim-47,1,female,155
THIRTY,1,3,,,,,No comments.,,1,sim-48,sim-48,sim-48,1,female,158
THIRTY,1,5,,,,,No comments.,1,,sim-49,sim-49,sim-49,2,broad,159
THIRTY,1,7,,,,,No comments.,,1,sim-50,sim-50,sim-50,1,female,164
THIRTY,1,3,,,,,No comments.,1,,sim-51,sim-51,sim-51,2,broad,166
THIRTY,1,5,,,,,No comments.,,1,sim-52,sim-52,sim-52,1,female,167
THIRTY,1,7,,,,,No comments.,1,,sim-53,sim-53,sim-53,2,broad,170
THIRTY,1,6,,,,,No comments.,1,,sim-54,sim-54,sim-54,2,broad,176
THIRTY,1,4,,,,,No comments.,,1,sim-55,sim-55,sim-55,1,female,180
THIRTY,1,5,,,,,No comments.,1,,sim-56,sim-56,sim-56,2,broad,181
THIRTY,1,4,,,,,No comments.,,1,sim-57,sim-57,sim-57,1,female,182
THIRTY,1,3,,,,,No comments.,1,,sim-58,sim-58,sim-58,2,broad,185
THIRTY,1,4,,,,,No comments.,,1,sim-59,sim-59,sim-59,1,female,186
THIRTY,1,4,,,,,No comments.,,1,sim-60,sim-60,sim-60,1,female,189
THIRTY,1,7,,,,,No comments.,1,,sim-61,sim-61,sim-61,2,broad,190
THIRTY,1,5,,,,,No comments.,,1,sim-62,sim-62,sim-62,1,female,192
THIRTY,1,3,,,,,No comments.,1,,sim-63,sim-63,sim-63,2,broad,196
THIRTY,1,4,,,,,No comments.,,1,sim-64,sim-64,sim-64,1,female,197
THIRTY,1,6,,,,,No comments.,1,,sim-65,sim-65,sim-65,2,broad,200
THIRTY,1,4,,,,,No comments.,,1,sim-66,sim-66,sim-66,1,female,205
THIRTY,1,3,,,,,No comments.,1,,sim-67,sim-67,sim-67,2,broad,206
THIRTY,1,6,,,,,No comments.,1,,sim-68,sim-68,sim-68,2,broad,208
THIRTY,1,6,,,,,No comments.,,1,sim-69,sim-69,sim-69,1,female,209
THIRTY,1,5,,,,,No comments.,,1,sim-70,sim-70,sim-70,1,female,213
THIRTY,1,6,,,,,No comments.,1,,sim-71,sim-71,sim-71,2,broad,217
THIRTY,1,7,,,,,No comments.,,1,sim-72,sim-72,sim-72,1,female,218
THIRTY,1,3,,,,,No comments.,1,,sim-73,sim-73,sim-73,2,broad,221
THIRTY,1,7,,,,,No comments.,1,,sim-74,sim-74,sim-74,2,broad,222
THIRTY,1,3,,,,,No comments.,,1,sim-75,sim-75,sim-75,1,female,228
THIRTY,1,4,,,,,No comments.,1,,sim-76,sim-76,sim-76,2,broad,230
THIRTY,1,7,,,,,No comments.,,1,sim-77,sim-77,sim-77,1,female,231
THIRTY,1,3,,,,,No comments.,1,,sim-78,sim-78,sim-78,2,broad,232
THIRTY,1,4,,,,,No comments.,,1,sim-79,sim-79,sim-79,1,female,237
THIRTY,1,6,,,,,No comments.,1,,sim-80,sim-80,sim-80,2,broad,246
THIRTY,1,4,,,,,No comments.,,1,sim-81,sim-81,sim-81,1,female,256
THIRTY,1,3,,,,,No comments.,1,,sim-82,sim-82,sim-82,2,broad,258
THIRTY,1,7,,,,,No comments.,,1,sim-83,sim-83,sim-83,1,female,268
THIRTY,1,5,,,,,No comments.,1,,sim-84,sim-84,sim-84,2,broad,270
THIRTY,1,3,,,,,No comments.,,1,sim-85,sim-85,sim-85,1,female,272
THIRTY,1,4,,,,,No comments.,,1,sim-86,sim-86,sim-86,1,female,277
THIRTY,1,7,,,,,No comments.,1,,sim-87,sim-87,sim-87,2,broad,286
THIRTY,1,7,,,,,No comments.,1,,sim-88,sim-88,sim-88,2,broad,287
THIRTY,1,4,,,,,No comments.,,1,sim-89,sim-89,sim-89,1,female,288
THIRTY,1,4,,,,,No comments.,1,,sim-90,sim-90,sim-90,2,broad,299
THIRTY,1,3,,,,,No comments.,,1,sim-91,sim-91,sim-91,1,female,300
THIRTY,1,5,,,,,No comments.,1,,sim-92,sim-92,sim-92,2,broad,304
THIRTY,1,5,,,,,No comments.,,1,sim-93,sim-93,sim-93,1,female,305
THIRTY,1,3,,,,,No comments.,1,,sim-94,sim-94,sim-94,2,broad,306
THIRTY,1,3,,,,,No comments.,,1,sim-95,sim-95,sim-95,1,female,308
THIRTY,1,4,,,,,No comments.,,1,sim-96,sim-96,sim-96,1,female,312
THIRTY,1,3,,,,,No comments.,1,,sim-97,sim-97,sim-97,2,broad,314
THIRTY,1,6,,,,,No comments.,1,,sim-98,sim-98,sim-98,2,broad,318
THIRTY,1,4,,,,,No comments.,,1,sim-99,sim-99,sim-99,1,female,325
THIRTY,1,4,,,,,No comments.,,1,sim-100,sim-100,sim-100,1,female,332
THIRTY,1,7,,,,,No comments.,1,,sim-101,sim-101,sim-101,2,broad,346
THIRTY,1,5,,,,,No comments.,1,,sim-102,sim-102,sim-102,2,broad,349
THIRTY,1,7,,,,,No comments.,,1,sim-103,sim-103,sim-103,1,female,352
THIRTY,1,5,,,,,No comments.,,1,sim-104,sim-104,sim-104,1,female,359
THIRTY,1,5,,,,,No comments.,1,,sim-105,sim-105,sim-105,2,broad,370
THIRTY,1,6,,,,,No comments.,1,,sim-106,sim-106,sim-106,2,broad,383
THIRTY,1,4,,,,,No comments.,,1,sim-107,sim-107,sim-107,1,female,388
THIRTY,1,3,,,,,No comments.,1,,sim-108,sim-108,sim-108,2,broad,396
THIRTY,1,7,,,,,No comments.,,1,sim-109,sim-109,sim-109,1,female,397
THIRTY,1,5,,,,,No comments.,1,,sim-110,sim-110,sim-110,2,broad,401
THIRTY,1,3,,,,,No comments.,,1,sim-111,sim-111,sim-111,1,female,402
THIRTY,1,5,,,,,No comments.,,1,sim-112,sim-112,sim-112,1,female,404
THIRTY,1,4,,,,,No comments.,1,,sim-113,sim-113,sim-113,2,broad,407
THIRTY,1,5,,,,,No comments.,1,,sim-114,sim-114,sim-114,2,broad,409
THIRTY,1,3,,,,,No comments.,,1,sim-115,sim-115,sim-115,1,female,411
THIRTY,1,5,,,,,No comments.,1,,sim-116,sim-116,sim-116,2,broad,415
THIRTY,1,3,,,,,No comments.,,1,sim-117,sim-117,sim-117,1,female,419
THIRTY,1,6,,,,,No comments.,1,,sim-118,sim-118,sim-118,2,broad,435
THIRTY,1,7,,,,,No comments.,,1,sim-119,sim-119,sim-119,1,female,437
THIRTY,1,3,,,,,No comments.,1,,sim-120,sim-120,sim-120,2,broad,442
THIRTY,1,3,,,,,No comments.,,1,sim-121,sim-121,sim-121,1,female,447
THIRTY,1,6,,,,,No comments.,,1,sim-122,sim-122,sim-122,1,female,454
THIRTY,1,3,,,,,No comments.,1,,sim-123,sim-123,sim-123,2,broad,457
THIRTY,1,3,,,,,No comments.,,1,sim-124,sim-124,sim-124,1,female,468
THIRTY,1,6,,,,,No comments.,1,,sim-125,sim-125,sim-125,2,broad,473
THIRTY,1,3,,,,,No comments.,1,,sim-126,sim-126,sim-126,2,broad,478
THIRTY,1,7,,,,,No comments.,,1,sim-127,sim-127,sim-127,1,female,487
THIRTY,1,7,,,,,No comments.,1,,sim-128,sim-128,sim-128,2,broad,494
THIRTY,1,6,,,,,No comments.,,1,sim-129,sim-129,sim-129,1,female,499
THIRTY,1,5,,,,,No comments.,1,,sim-130,sim-130,sim-130,2,broad,502
THIRTY,1,5,,,,,No comments.,,1,sim-131,sim-131,sim-131,1,female,503
THIRTY,1,3,,,,,No comments.,,1,sim-132,sim-132,sim-132,1,female,504
THIRTY,1,7,,,,,No comments.,1,,sim-133,sim-133,sim-133,2,broad,507
THIRTY,1,4,,,,,No comments.,,1,sim-134,sim-134,sim-134,1,female,515
THIRTY,1,5,,,,,No comments.,1,,sim-135,sim-135,sim-135,2,broad,522
THIRTY,1,6,,,,,No comments.,1,,sim-136,sim-136,sim-136,2,broad,527
THIRTY,1,3,,,,,No comments.,,1,sim-137,sim-137,sim-137,1,female,552
THIRTY,1,6,,,,,No comments.,,1,sim-138,sim-138,sim-138,1,female,553
THIRTY,1,3,,,,,No comments.,1,,sim-139,sim-139,sim-139,2,broad,562
THIRTY,1,5,,,,,No comments.,,1,sim-140,sim-140,sim-140,1,female,564
THIRTY,1,5,,,,,No comments.,1,,sim-141,sim-141,sim-141,2,broad,568
THIRTY,1,6,,,,,No comments.,,1,sim-142,sim-142,sim-142,1,female,575
THIRTY,1,7,,,,,No comments.,1,,sim-143,sim-143,sim-143,2,broad,583
THIRTY,1,5,,,,,No comments.,,1,sim-144,sim-144,sim-144,1,female,585
THIRTY,1,6,,,,,No comments.,1,,sim-145,sim-145,sim-145,2,broad,601
THIRTY,1,3,,,,,No comments.,1,,sim-146,sim-146,sim-146,2,broad,610
THIRTY,1,3,,,,,No comments.,,1,sim-147,sim-147,sim-147,1,female,612
THIRTY,1,4,,,,,No comments.,,1,sim-148,sim-148,sim-148,1,female,614
THIRTY,1,3,,,,,No comments.,1,,sim-149,sim-149,sim-149,2,broad,620
THIRTY,1,3,,,,,No comments.,,1,sim-150,sim-150,sim-150,1,female,621
THIRTY,1,6,,,,,No comments.,1,,sim-151,sim-151,sim-151,2,broad,635
THIRTY,1,4,,,,,No comments.,1,,sim-152,sim-152,sim-152,2,broad,642
THIRTY,1,4,,,,,No comments.,,1,sim-153,sim-153,sim-153,1,female,647
THIRTY,1,4,,,,,No comments.,,1,sim-154,sim-154,sim-154,1,female,651
THIRTY,1,7,,,,,No comments.,1,,sim-155,sim-155,sim-155,2,broad,654
THIRTY,1,6,,,,,No comments.,1,,sim-156,sim-156,sim-156,2,broad,684
THIRTY,1,4,,,,,No comments.,,1,sim-157,sim-157,sim-157,1,female,693
THIRTY,1,7,,,,,No comments.,1,,sim-158,sim-158,sim-158,2,broad,695
THIRTY,1,5,,,,,No comments.,,1,sim-159,sim-159,sim-159,1,female,700
THIRTY,1,4,,,,,No comments.,,1,sim-160,sim-160,sim-160,1,female,703
THIRTY,1,3,,,,,No comments.,1,,sim-161,sim-161,sim-161,2,broad,706
THIRTY,1,4,,,,,No comments.,1,,sim-162,sim-162,sim-162,2,broad,710
THIRTY,1,5,,,,,No comments.,,1,sim-163,sim-163,sim-163,1,female,711
THIRTY,1,6,,,,,No comments.,,1,sim-164,sim-164,sim-164,1,female,713
THIRTY,1,7,,,,,No comments.,1,,sim-165,sim-165,sim-165,2,broad,714
THIRTY,1,7,,,,,No comments.,,1,sim-166,sim-166,sim-166,1,female,718
THIRTY,1,7,,,,,No comments.,1,,sim-167,sim-167,sim-167,2,broad,727
THIRTY,1,6,,,,,No comments.,1,,sim-168,sim-168,sim-168,2,broad,732
THIRTY,1,5,,,,,No comments.,,1,sim-169,sim-169,sim-169,1,female,735
THIRTY,1,5,,,,,No comments.,,1,sim-170,sim-170,sim-170,1,female,743
THIRTY,1,3,,,,,No comments.,1,,sim-171,sim-171,sim-171,2,broad,748
THIRTY,1,3,,,,,No comments.,,1,sim-172,sim-172,sim-172,1,female,752
THIRTY,1,4,,,,,No comments.,1,,sim-173,sim-173,sim-173,2,broad,753
THIRTY,1,6,,,,,No comments.,,1,sim-174,sim-174,sim-174,1,female,756
THIRTY,1,6,,,,,No comments.,1,,sim-175,sim-175,sim-175,2,broad,771
THIRTY,1,6,,,,,No comments.,1,,sim-176,sim-176,sim-176,2,broad,774
THIRTY,1,4,,,,,No comments.,,1,sim-177,sim-177,sim-177,1,female,775
THIRTY,1,5,,,,,No comments.,,1,sim-178,sim-178,sim-178,1,female,796
THIRTY,1,6,,,,,No comments.,1,,sim-179,sim-179,sim-179,2,broad,799
THIRTY,1,5,,,,,No comments.,1,,sim-180,sim-180,sim-180,2,broad,802
THIRTY,1,3,,,,,No comments.,,1,sim-181,sim-181,sim-181,1,female,808
THIRTY,1,5,,,,,No comments.,,1,sim-182,sim-182,sim-182,1,female,814
THIRTY,1,7,,,,,No comments.,1,,sim-183,sim-183,sim-183,2,broad,816
THIRTY,1,5,,,,,No comments.,1,,sim-184,sim-184,sim-184,2,broad,821
THIRTY,1,7,,,,,No comments.,,1,sim-185,sim-185,sim-185,1,female,825
THIRTY,1,4,,,,,No comments.,1,,sim-186,sim-186,sim-186,2,broad,826
THIRTY,1,6,,,,,No comments.,,1,sim-187,sim-187,sim-187,1,female,827
THIRTY,1,4,,,,,No comments.,,1,sim-188,sim-188,sim-188,1,female,828
THIRTY,1,7,,,,,No comments.,1,,sim-189,sim-189,sim-189,2,broad,834
THIRTY,1,3,,,,,No comments.,,1,sim-190,sim-190,sim-190,1,female,836
THIRTY,1,5,,,,,No comments.,1,,sim-191,sim-191,sim-191,2,broad,849
THIRTY,1,5,,,,,No comments.,1,,sim-192,sim-192,sim-192,2,broad,852
THIRTY,1,4,,,,,No comments.,,1,sim-193,sim-193,sim-193,1,female,855
THIRTY,1,5,,,,,No comments.,,1,sim-194,sim-194,sim-194,1,female,861
THIRTY,1,5,,,,,No comments.,1,,sim-195,sim-195,sim-195,2,broad,865
THIRTY,1,4,,,,,No comments.,1,,sim-196,sim-196,sim-196,2,broad,867
THIRTY,1,3,,,,,No comments.,,1,sim-197,sim-197,sim-197,1,female,876
THIRTY,1,7,,,,,No comments.,,1,sim-198,sim-198,sim-198,1,female,877
THIRTY,1,3,,,,,No comments.,1,,sim-199,sim-199,sim-199,2,broad,880
THIRTY,1,7,,,,,No comments.,1,,sim-200,sim-200,sim-200,2,broad,883
THIRTY,1,3,,,,,No comments.,,1,sim-201,sim-201,sim-201,1,female,884
THIRTY,1,6,,,,,No comments.,,1,sim-202,sim-202,sim-202,1,female,888
THIRTY,1,4,,,,,No comments.,1,,sim-203,sim-203,sim-203,2,broad,905
THIRTY,1,7,,,,,No comments.,1,,sim-204,sim-204,sim-204,2,broad,913
THIRTY,1,4,,,,,No comments.,,1,sim-205,sim-205,sim-205,1,female,936
THIRTY,1,4,,,,,No comments.,1,,sim-206,sim-206,sim-206,2,broad,944
THIRTY,1,4,,,,,No comments.,,1,sim-207,sim-207,sim-207,1,female,957
THIRTY,1,6,,,,,No comments.,1,,sim-208,sim-208,sim-208,2,broad,959
THIRTY,1,7,,,,,No comments.,,1,sim-209,sim-209,sim-209,1,female,963
THIRTY,1,3,,,,,No comments.,,1,sim-210,sim-210,sim-210,1,female,966
THIRTY,1,7,,,,,No comments.,1,,sim-211,sim-211,sim-211,2,broad,971
THIRTY,1,6,,,,,No comments.,1,,sim-212,sim-212,sim-212,2,broad,990
THIRTY,1,4,,,,,No comments.,,1,sim-213,sim-213,sim-213,1,female,1002
THIRTY,1,6,,,,,No comments.,,1,sim-214,sim-214,sim-214,1,female,1003
THIRTY,1,6,,,,,No comments.,1,,sim-215,sim-215,sim-215,2,broad,1007
THIRTY,1,3,,,,,No comments.,,1,sim-216,sim-216,sim-216,1,female,1009
THIRTY,1,5,,,,,No comments.,1,,sim-217,sim-217,sim-217,2,broad,1012
THIRTY,1,5,,,,,No comments.,,1,sim-218,sim-218,sim-218,1,female,1016
THIRTY,1,5,,,,,No comments.,1,,sim-219,sim-219,sim-219,2,broad,1024
THIRTY,1,3,,,,,No comments.,1,,sim-220,sim-220,sim-220,2,broad,1031
THIRTY,1,4,,,,,No comments.,,1,sim-221,sim-221,sim-221,1,female,1047
THIRTY,1,5,,,,,No comments.,,1,sim-222,sim-222,sim-222,1,female,1048
THIRTY,1,6,,,,,No comments.,1,,sim-223,sim-223,sim-223,2,broad,1052
THIRTY,1,5,,,,,No comments.,1,,sim-224,sim-224,sim-224,2,broad,1055
THIRTY,1,3,,,,,No comments.,,1,sim-225,sim-225,sim-225,1,female,1059
THIRTY,1,7,,,,,No comments.,,1,sim-226,sim-226,sim-226,1,female,1061
THIRTY,1,4,,,,,No comments.,1,,sim-227,sim-227,sim-227,2,broad,1063
THIRTY,1,5,,,,,No comments.,1,,sim-228,sim-228,sim-228,2,broad,1068
THIRTY,1,6,,,,,No comments.,,1,sim-229,sim-229,sim-229,1,female,1077
THIRTY,1,5,,,,,No comments.,1,,sim-230,sim-230,sim-230,2,broad,1092
THIRTY,1,3,,,,,No comments.,,1,sim-231,sim-231,sim-231,1,female,1104
THIRTY,1,6,,,,,No comments.,1,,sim-232,sim-232,sim-232,2,broad,1113
THIRTY,1,7,,,,,No comments.,,1,sim-233,sim-233,sim-233,1,female,1125
THIRTY,1,3,,,,,No comments.,,1,sim-234,sim-234,sim-234,1,female,1127
THIRTY,1,6,,,,,No comments.,1,,sim-235,sim-235,sim-235,2,broad,1137
THIRTY,1,4,,,,,No comments.,,1,sim-236,sim-236,sim-236,1,female,1138
THIRTY,1,7,,,,,No comments.,1,,sim-237,sim-237,sim-237,2,broad,1139
THIRTY,1,4,,,,,No comments.,,1,sim-238,sim-238,sim-238,1,female,1150
THIRTY,1,6,,,,,No comments.,1,,sim-239,sim-239,sim-239,2,broad,1151
THIRTY,1,6,,,,,No comments.,1,,sim-240,sim-240,sim-240,2,broad,1162
THIRTY,1,7,,,,,No comments.,,1,sim-241,sim-241,sim-241,1,female,1163
THIRTY,1,5,,,,,No comments.,1,,sim-242,sim-242,sim-242,2,broad,1165
THIRTY,1,5,,,,,No comments.,,1,sim-243,sim-243,sim-243,1,female,1166
THIRTY,1,5,,,,,No comments.,,1,sim-244,sim-244,sim-244,1,female,1171
THIRTY,1,5,,,,,No comments.,1,,sim-245,sim-245,sim-245,2,broad,1172
THIRTY,1,4,,,,,No comments.,1,,sim-246,sim-246,sim-246,2,broad,1180
THIRTY,1,4,,,,,No comments.,,1,sim-247,sim-247,sim-247,1,female,1201
THIRTY,1,6,,,,,No comments.,,1,sim-248,sim-248,sim-248,1,female,1204
THIRTY,1,3,,,,,No comments.,1,,sim-249,sim-249,sim-249,2,broad,1207
THIRTY,1,3,,,,,No comments.,,1,sim-250,sim-250,sim-250,1,female,1216
THIRTY,1,3,,,,,No comments.,1,,sim-251,sim-251,sim-251,2,broad,1221
THIRTY,1,3,,,,,No comments.,1,,sim-252,sim-252,sim-252,2,broad,1224
THIRTY,1,6,,,,,No comments.,,1,sim-253,sim-253,sim-253,1,female,1225
THIRTY,1,6,,,,,No comments.,,1,sim-254,sim-254,sim-254,1,female,1230
THIRTY,1,3,,,,,No comments.,1,,sim-255,sim-255,sim-255,2,broad,1233
THIRTY,1,6,,,,,No comments.,1,,sim-256,sim-256,sim-256,2,broad,1247
THIRTY,1,6,,,,,No comments.,,1,sim-257,sim-257,sim-257,1,female,1248
THIRTY,1,3,,,,,No comments.,,1,sim-258,sim-258,sim-258,1,female,1262
THIRTY,1,5,,,,,No comments.,1,,sim-259,sim-259,sim-259,2,broad,1263
THIRTY,1,6,,,,,No comments.,1,,sim-260,sim-260,sim-260,2,broad,1277
THIRTY,1,7,,,,,No comments.,,1,sim-261,sim-261,sim-261,1,female,1282
THIRTY,1,3,,,,,No comments.,1,,sim-262,sim-262,sim-262,2,broad,1287
THIRTY,1,5,,,,,No comments.,,1,sim-263,sim-263,sim-263,1,female,1293
THIRTY,1,6,,,,,No comments.,1,,sim-264,sim-264,sim-264,2,broad,1296
THIRTY,1,7,,,,,No comments.,,1,sim-265,sim-265,sim-265,1,female,1304
THIRTY,1,7,,,,,No comments.,1,,sim-266,sim-266,sim-266,2,broad,1309
THIRTY,1,6,,,,,No comments.,,1,sim-267,sim-267,sim-267,1,female,1312
THIRTY,1,7,,,,,No comments.,1,,sim-268,sim-268,sim-268,2,broad,1322
THIRTY,1,5,,,,,No comments.,,1,sim-269,sim-269,sim-269,1,female,1324
THIRTY,1,6,,,,,No comments.,,1,sim-270,sim-270,sim-270,1,female,1330
THIRTY,1,7,,,,,No comments.,1,,sim-271,sim-271,sim-271,2,broad,1331
THIRTY,1,7,,,,,No comments.,,1,sim-272,sim-272,sim-272,1,female,1332
THIRTY,1,5,,,,,No comments.,1,,sim-273,sim-273,sim-273,2,broad,1333
THIRTY,1,4,,,,,No comments.,,1,sim-274,sim-274,sim-274,1,female,1337
THIRTY,1,5,,,,,No comments.,1,,sim-275,sim-275,sim-275,2,broad,1342
THIRTY,1,6,,,,,No comments.,,1,sim-276,sim-276,sim-276,1,female,1344
THIRTY,1,3,,,,,No comments.,1,,sim-277,sim-277,sim-277,2,broad,1350
THIRTY,1,6,,,,,No comments.,1,,sim-278,sim-278,sim-278,2,broad,1359
THIRTY,1,3,,,,,No comments.,,1,sim-279,sim-279,sim-279,1,female,1363
THIRTY,1,3,,,,,No comments.,,1,sim-280,sim-280,sim-280,1,female,1365
THIRTY,1,3,,,,,No comments.,1,,sim-281,sim-281,sim-281,2,broad,1369
THIRTY,1,6,,,,,No comments.,,1,sim-282,sim-282,sim-282,1,female,1371
THIRTY,1,5,,,,,No comments.,1,,sim-283,sim-283,sim-283,2,broad,1374
THIRTY,1,5,,,,,No comments.,1,,sim-284,sim-284,sim-284,2,broad,1381
THIRTY,1,3,,,,,No comments.,,1,sim-285,sim-285,sim-285,1,female,1390
THIRTY,1,3,,,,,No comments.,,1,sim-286,sim-286,sim-286,1,female,1392
THIRTY,1,6,,,,,No comments.,1,,sim-287,sim-287,sim-287,2,broad,1393
THIRTY,1,6,,,,,No comments.,,1,sim-288,sim-288,sim-288,1,female,1394
THIRTY,1,3,,,,,No comments.,1,,sim-289,sim-289,sim-289,2,broad,1397
THIRTY,1,4,,,,,No comments.,1,,sim-290,sim-290,sim-290,2,broad,1408
THIRTY,1,5,,,,,No comments.,,1,sim-291,sim-291,sim-291,1,female,1421
THIRTY,1,4,,,,,No comments.,,1,sim-292,sim-292,sim-292,1,female,1428
THIRTY,1,5,,,,,No comments.,1,,sim-293,sim-293,sim-293,2,broad,1433
THIRTY,1,7,,,,,No comments.,,1,sim-294,sim-294,sim-294,1,female,1434
THIRTY,1,6,,,,,No comments.,1,,sim-295,sim-295,sim-295,2,broad,1439
THIRTY,1,4,,,,,No comments.,1,,sim-296,sim-296,sim-296,2,broad,1442
THIRTY,1,5,,,,,No comments.,,1,sim-297,sim-297,sim-297,1,female,1447
THIRTY,1,4,,,,,No comments.,,1,sim-298,sim-298,sim-298,1,female,1453
THIRTY,1,6,,,,,No comments.,1,,sim-299,sim-299,sim-299,2,broad,1456
THIRTY,1,7,,,,,No comments.,,1,sim-300,sim-300,sim-300,1,female,1480
THIRTY,1,6,,,,,No comments.,1,,sim-301,sim-301,sim-301,2,broad,1483
THIRTY,1,5,,,,,No comments.,,1,sim-302,sim-302,sim-302,1,female,1484
THIRTY,1,3,,,,,No comments.,1,,sim-303,sim-303,sim-303,2,broad,1490
THIRTY,1,6,,,,,No comments.,,1,sim-304,sim-304,sim-304,1,female,1497
THIRTY,1,7,,,,,No comments.,1,,sim-305,sim-305,sim-305,2,broad,1500
THIRTY,1,3,,,,,No comments.,,1,sim-306,sim-306,sim-306,1,female,1501
THIRTY,1,6,,,,,No comments.,1,,sim-307,sim-307,sim-307,2,broad,1504
THIRTY,1,7,,,,,No comments.,,1,sim-308,sim-308,sim-308,1,female,1509
THIRTY,1,5,,,,,No comments.,1,,sim-309,sim-309,sim-309,2,broad,1515
THIRTY,1,6,,,,,No comments.,,1,sim-310,sim-310,sim-310,1,female,1528
THIRTY,1,7,,,,,No comments.,1,,sim-311,sim-311,sim-311,2,broad,1529
THIRTY,1,5,,,,,No comments.,,1,sim-312,sim-312,sim-312,1,female,1532
THIRTY,1,3,,,,,No comments.,1,,sim-313,sim-313,sim-313,2,broad,1536
THIRTY,1,6,,,,,No comments.,1,,sim-314,sim-314,sim-314,2,broad,1550
THIRTY,1,6,,,,,No comments.,,1,sim-315,sim-315,sim-315,1,female,1565
THIRTY,1,7,,,,,No comments.,,1,sim-316,sim-316,sim-316,1,female,1567
THIRTY,1,7,,,,,No comments.,1,,sim-317,sim-317,sim-317,2,broad,1578
THIRTY,1,4,,,,,No comments.,1,,sim-318,sim-318,sim-318,2,broad,1579
THIRTY,1,6,,,,,No comments.,,1,sim-319,sim-319,sim-319,1,female,1583
THIRTY,1,7,,,,,No comments.,,1,sim-320,sim-320,sim-320,1,female,1618
THIRTY,1,5,,,,,No comments.,1,,sim-321,sim-321,sim-321,2,broad,1622
THIRTY,1,6,,,,,No comments.,,1,sim-322,sim-322,sim-322,1,female,1626
THIRTY,1,4,,,,,No comments.,1,,sim-323,sim-323,sim-323,2,broad,1628
THIRTY,1,4,,,,,No comments.,1,,sim-324,sim-324,sim-324,2,broad,1633
THIRTY,1,7,,,,,No comments.,,1,sim-325,sim-325,sim-325,1,female,1634
THIRTY,1,3,,,,,No comments.,,1,sim-326,sim-326,sim-326,1,female,1640
THIRTY,1,5,,,,,No comments.,1,,sim-327,sim-327,sim-327,2,broad,1654
THIRTY,1,7,,,,,No comments.,,1,sim-328,sim-328,sim-328,1,female,1677
THIRTY,1,7,,,,,No comments.,1,,sim-329,sim-329,sim-329,2,broad,1680
THIRTY,1,4,,,,,No comments.,,1,sim-330,sim-330,sim-330,1,female,1682
THIRTY,1,7,,,,,No comments.,1,,sim-331,sim-331,sim-331,2,broad,1684
THIRTY,1,5,,,,,No comments.,,1,sim-332,sim-332,sim-332,1,female,1688
THIRTY,1,6,,,,,No comments.,1,,sim-333,sim-333,sim-333,2,broad,1692
THIRTY,1,6,,,,,No comments.,,1,sim-334,sim-334,sim-334,1,female,1713
THIRTY,1,3,,,,,No comments.,1,,sim-335,sim-335,sim-335,2,broad,1768
THIRTY,1,4,,,,,No comments.,1,,sim-336,sim-336,sim-336,2,broad,1791
THIRTY,1,4,,,,,No comments.,,1,sim-337,sim-337,sim-337,1,female,1795
THIRTY,1,7,,,,,No comments.,1,,sim-338,sim-338,sim-338,2,broad,1798
THIRTY,1,4,,,,,No comments.,,1,sim-339,sim-339,sim-339,1,female,1817
THIRTY,1,6,,,,,No comments.,,1,sim-340,sim-340,sim-340,1,female,1820
THIRTY,1,4,,,,,No comments.,1,,sim-341,sim-341,sim-341,2,broad,1829
THIRTY,1,6,,,,,No comments.,,1,sim-342,sim-342,sim-342,1,female,1852
THIRTY,1,4,,,,,No comments.,1,,sim-343,sim-343,sim-343,2,broad,1854
THIRTY,1,6,,,,,No comments.,1,,sim-344,sim-344,sim-344,2,broad,1857
THIRTY,1,5,,,,,No comments.,,1,sim-345,sim-345,sim-345,1,female,1861
THIRTY,1,4,,,,,No comments.,1,,sim-346,sim-346,sim-346,2,broad,1865
THIRTY,1,5,,,,,No comments.,,1,sim-347,sim-347,sim-347,1,female,1875
THIRTY,1,7,,,,,No comments.,1,,sim-348,sim-348,sim-348,2,broad,1882
THIRTY,1,3,,,,,No comments.,,1,sim-349,sim-349,sim-349,1,female,1929
THIRTY,1,3,,,,,No comments.,,1,sim-350,sim-350,sim-350,1,female,1987
THIRTY,1,6,,,,,No comments.,1,,sim-351,sim-351,sim-351,2,broad,1997
THIRTY,1,3,,,,,No comments.,1,,sim-352,sim-352,sim-352,2,broad,2019
THIRTY,1,4,,,,,No comments.,,1,sim-353,sim-353,sim-353,1,female,2023
THIRTY,1,3,,,,,No comments.,,1,sim-354,sim-354,sim-354,1,female,2027
THIRTY,1,3,,,,,No comments.,1,,sim-355,sim-355,sim-355,2,broad,2029
THIRTY,1,3,,,,,No comments.,1,,sim-356,sim-356,sim-356,2,broad,2030
